iter	AUC	Logloss	Recall	Precision	Accuracy	F1	Kappa	MCC
0	0.6034713458	0.4761504887	0	1	0.8107519604	0	0	011	0.599321223	0.5029316821	0	1	0.8107519604	0	0	022	0.6034728246	0.476158798	0	1	0.8107519604	0	0	033	0.5993255065	0.5029317343	0	1	0.8107519604	0	0	4	4	0.6032984372	0.4761815603	0	1	0.8107519604	05	0.55	0.5992954487	0.5029352481	0	1	0.81075196046	0.6026	0.6032258503	0.4762080821	0	1	0.81075197	0.5991367	0.5992056524	0.5029452866	0	1	0.8107518	0.60295218	0.6031719319	0.4762177135	0	1	0.810759	0.599118519	0.5992152719	0.5029454762	0	1	0.810710	0.6044806110	0.6056836107	0.4757525526	0	1	0.81011	0.60081883011	0.6011181012	0.502584135	0	1	0.81012	0.60447526912	0.6056260537	0.4757551323	0	1	0.8113	0.600744864313	0.6010467145	0.5026007691	0	1	0.14	0.6044160812	014	0.6054973752	0.475785807	0	1	0.15	0.6006428287	015	0.6009388461	0.5026137028	0	1	016	0.6043065297	0.16	0.6054263913	0.4757977674	0	1	17	0.6005810046	0.517	0.6008520899	0.502585704	0	1	18	0.6042708564	0.418	0.6052022699	0.4758245067	0	119	0.6006403255	0.5019	0.6007351866	0.5026019953	0	20	0.6065032007	0.47520	0.607574708	0.4754412199	0	21	0.6022877402	0.50221	0.6023557896	0.5024260777	22	0.6063411684	0.4757022	0.6073549067	0.475472020523	0.6022026727	0.50237323	0.6022799388	0.50243598924	0.6064831612	0.475684824	0.6073075707	0.4754935625	0.6021012542	0.5023441525	0.6020897346	0.5024545906	0	1	0.8107519604	0	0	0
0
