iter	AUC	Logloss	Recall	Precision	Accuracy	F1	Kappa	MCC
0	0.5996416791	0.6317272324	0	1	0.8107519604	0	0	011	0.5996354522	0.6317285093	0	1	0.8107519604	0	0	222	0.5996219827	0.6317302827	0	1	0.8107519604	0	3	033	0.5996210727	0.6317320904	0	1	0.8107519604	04	0.44	0.5996051736	0.6317333978	0	1	0.8107519604	5	0.5	5	0.5947239412	0.6319869852	0	1	0.81075196046	0.56	6	0.594709277	0.6319913301	0	1	0.8107519607	0.597	7	0.5946789081	0.6319975847	0	1	0.810751968	0.598	08	0.5946317705	0.6320044628	0	1	0.81075199	0.5969	09	0.5945763117	0.6320099472	0	1	0.8107510	0.602510	10	0.5924098627	0.6317519949	0	1	0.810711	0.6025411	11	0.5923711007	0.631755674	0	1	0.810712	0.6024971212	0.5923181334	0.6317609418	0	1	0.81013	0.60243381313	0.5922823966	0.631766589	0	1	0.81014	0.60237809114	0.592105139	0.631792158	0	1	0.8107519604	0	0	0

