iter	AUC	Logloss	Recall	Precision	Accuracy	F1	Kappa	MCC
0	0.6046823459	0.6294522386	0	1	0.8181225554	0	0	011	0.6047051936	0.6296010921	0	1	0.8181225554	0	0	2	2	0.6090962316	0.6297318032	0	1	0.8181225554	0	03	03	0.614235531	0.6298717956	0	1	0.8181225554	0	04	04	0.6102114838	0.6300392548	0	1	0.8181225554	5	0.655	0.6401904925	0.6283875266	0	1	0.81812255546	0.6496	0.6386796898	0.6287788324	0	1	0.8181225557	0.64347	0.6320652872	0.6294473654	0	1	0.818122558	0.630978	0.6123334619	0.6303144777	0	1	0.8181229	0.62036449	0.6133530395	0.6305889717	0	1	0.818110	0.7015894110	0.701346585	0.626933215	0	1	0.8181211	0.699899811	0.6962501249	0.6273185001	0	1	0.818112	0.6937583912	0.6848491339	0.6274617785	0	1	0.81813	0.68617259313	0.6807536878	0.6278066477	0	1	0.814	0.6730103955	14	0.6747633123	0.6281818871	0	1	0.8181225554	0	0	0

