iter	AUC	Logloss	Recall	Precision	Accuracy	F1	Kappa	MCC
0	0.5694662804	0.6792702367	0.0001349679451	1	0.8107788255	0.0002698994625	0.0002188330528	0.01046080779
1	0.5829981984	0.6664075063	0.0001124732876	1	0.8107745684	0.0002249212776	0.0001823634267	0.009549347003
2	0.5876503632	0.6542023379	0	1	0.8107532832	0	0	0
3	0.5879841517	0.6429198919	0	1	0.8107532832	0	0	0
4	0.5912053128	0.6323882155	0	1	0.8107532832	0	0	0
