iter	AUC	Logloss	Recall	Precision	Accuracy	F1	Kappa	MCC
0	0.5200076016	0.6789119587	0.002392344498	1	0.8186956522	0.00477326969	0.003909170973	0.04425396449
1	0.5457837788	0.6655561026	0	1	0.8182608696	0	0	0
2	0.6036386009	0.6526014767	0	1	0.8182608696	0	0	0
3	0.6565250497	0.639999222	0	1	0.8182608696	0	0	0
4	0.6563941191	0.6291935161	0	1	0.8182608696	0	0	0
